asn,name,country,severity
174,Cogent Communications,US,low
5065,Bunny Communications,US,medium
6424,EDGOO Networks,PT,medium
6830,Liberty Global Europe,NL,low
7203,Leaseweb USA (San Francisco),US,medium
7979,Servers.com,US,high
9009,M247 Europe,RO,high
11798,Ace Data Centers,US,medium
13213,THG Hosting / UK2,GB,medium
13332,Hype Enterprises,US,medium
14061,DigitalOcean,US,high
14956,RouterHosting,US,medium
16141,Net Bull / Nethouse,IT,medium
17252,Colocation America (AS2),US,medium
17497,Liasail Global Hongkong,HK,medium
18779,EGIHosting,US,medium
19148,Leaseweb USA (Phoenix),US,medium
20454,Secured Servers LLC,US,medium
20473,Vultr (Constant Company),US,medium
21769,Colocation America,US,high
23033,Wowrack.com,US,medium
24961,myLoc / WIIT AG,DE,medium
26658,Hengtong IDC,US,high
27411,Leaseweb USA (Chicago),US,medium
30058,FDCServers,US,high
33322,NDCHOST (Network Data Center Host),US,medium
33387,"Nocix, LLC",US,medium
36007,"Kamatera, Inc.",US,medium
36352,HostPapa / ColoCrossing,US,high
36680,Netiface LLC,US,medium
38186,Forewin Telecom Group,HK,medium
39600,BUNNY TECHNOLOGY LLC,US,medium
39855,Mod Mission Critical,NL,medium
40676,Psychz Networks,US,high
43180,Trunk Networks,SC,medium
46261,QuickPacket,US,high
46635,Contact Consumers (NET3-AI),US,high
47007,Colocation America,US,high
48090,DMZHOST / TECHOFF SRV,GB,high
50077,SYN LTD,GB,medium
51167,Contabo GmbH,DE,medium
53850,GorillaServers,US,medium
53856,NJ IX,US,medium
54903,globalroutesolutions,US,medium
55286,SERVER-MANIA,CA,medium
55470,Cyfuture India,IN,high
56887,SC TECHNOLOGICAL SRL,RO,medium
62240,Clouvider Limited,GB,high
62874,Web2Objects,US,medium
64249,Endoffice,US,medium
64286,LogicWeb,US,high
64445,NetJoin,IT,high
132203,Tencent Cloud (TENCENT-NET-AP-CN),CN,high
132817,DZCRD Networks,BD,medium
133296,Web Werks India,IN,medium
133499,HostRoyale AP,IN,medium
133944,Trafficforce,LT,high
134450,HostRoyale AP,IN,high
135377,UCLOUD,HK,high
136557,Host Universal,AU,medium
136787,PacketHub S.A.,PA,medium
137409,GSL Networks Pty LTD,AU,medium
142430,DIGI VPS,IN,high
142622,Dream Information Laboratory,JP,medium
150436,Byteplus,SG,high
152179,Global Communication Network,HK,high
154395,Rackdog LLC,US,high
197170,TechTies Inc.,SC,medium
197540,netcup GmbH,DE,high
199081,Lancom Ltd.,GR,medium
199218,ProtonVPN-2 / Proton AG,CH,medium
200373,3xK Tech GmbH,DE,high
201207,Getechbrothers,LT,high
201341,trafficforce / Centurion,LT,high
202015,HZ Hosting,BG,medium
202914,Adeo Datacenter,DK,medium
203020,HostRoyale Technologies,IN,high
203061,UAB code200,LT,medium
204287,HostRoyale Technologies,IN,high
204646,web2objects (customer),US,medium
205397,69HOST LLC,US,high
205659,UAB code200 (ISP2),LT,medium
207043,Dedik Services,GB,high
207990,HostRoyale (customer),IN,high
208137,Feo Prest SRL (FPS12),RO,high
209341,WHG Hosting Services,GB,medium
209372,WS Telecom customers,US,medium
209709,code200 ISP1,LT,high
210906,UAB Bite Lietuva (BITE-US),LT,medium
211680,BitSight / NSEC,PT,medium
212238,Datacamp / CDNEXT,GB,high
213541,WS Telecom Inc,US,medium
214669,STARLIGHT TECH,HK,high
215930,Cipher Operations,RS,high
218785,TC Datacenter,HK,high
263735,Buena Hosting,HN,medium
263740,Corporacion Laceibanetsociety,HN,medium
263829,Host Para Tu Vida,HN,medium
393886,Leaseweb USA (Miami),US,medium
394380,Leaseweb USA (Dallas),US,medium
394474,WhiteLabelColo,US,medium
395092,Shock Hosting LLC,US,medium
395954,Leaseweb USA (Los Angeles),US,medium
396190,Leaseweb USA (Seattle),US,high
396319,Oxylabs,US,high
396356,Latitude.sh,US,high
397423,Tier.Net Technologies LLC,US,medium
398781,Oculus Networks,US,high
399073,BUNNY TECHNOLOGY LLC (TBB-ASN),US,medium
400529,Infraly LLC,US,medium
400810,BreezeHost,US,high
401152,Ace Data Centers II,US,medium
401560,OneCable Network,US,medium
